Accord;Notes;Description
C;C - E - G;C majeur, est compose d'une tierce majeure et d'une quinte juste
Cm;C - Eb - G;C mineur, est compose d'une tierce mineure et d'une quinte juste
C7;C - E - G - Bb;C 7eme, est compose d'une tierce majeure, d'une quinte juste et d'une septieme mineure
Cm7;C - Eb - G - Bb;C mineur 7eme, est compose d'une tierce mineure, d'une quinte juste et d'une septieme mineure
CMaj7;C - E - G - B;C mineur, est compose d'une tierce mineure et d'une quinte juste
CmM7;C - Eb - G - B;C mineur, est compose d'une tierce mineure et d'une quinte juste
C6;C - E - G - A;C sixte, est compose d'une tierce majeure, d'une quinte juste et d'une sixte majeure
Cm6;C - Eb - G - A;C mineur sixte, est compose d'une tierce mineure, d'une quinte juste et d'une sixte majeure
C6/9;C - E - G - A - D;C sixte et neuvieme, est compose d'une tierce majeure, d'une quinte juste, d'une sixte majeure et d'une neuvieme majeure
C5;C -  G;C quinte juste, est compose uniquement de la fondamentale et de la quinte juste
C9;C - E - G - Bb - D;C majeur, est compose d'une tierce majeure et d'une quinte juste
Cm9;C - Eb - G - Bb - D;C mineur neuvieme, est compose d'une tierce mineure, d'une quinte juste, d'une septieme mineure et d'une neuvieme majeure
CMaj9;C - E - G - B - D;C mineur, est compose d'une tierce mineure et d'une quinte juste
C11;C - E - G - Bb - D - F;C majeur, est compose d'une tierce majeure et d'une quinte juste
Cm11;C - Eb - G - Bb - D - F;C mineur onzieme, est compose d'une tierce mineure, d'une quinte juste, d'une septieme mineure et d'une onzieme juste
CMaj11;C - E - G - B - D - F;C mineur, est compose d'une tierce mineure et d'une quinte juste
C13;C - E - G - Bb - D - F - A;C majeur, est compose d'une tierce majeure et d'une quinte juste
Cm13;C - Eb - G - Bb - D - F - A;C mineur treizieme, est compose d'une tierce mineure, d'une quinte juste, d'une septieme mineure et d'une treizieme majeure
CMaj13;C - E - G - B - D - A;C mineur, est compose d'une tierce mineure et d'une quinte juste
Cadd;C - E - G - D;C add, est compose d'une tierce majeure, d'une quinte juste et d'une note ajoutee (ex. 2, 4 ou 6)
C7-5;C - E - Gb - Bb;C septieme quinte diminuee, est compose d'une tierce majeure, d'une quinte diminuee et d'une septieme mineure
C7+5;C - E - G# - Bb;C septieme quinte augmentee, est compose d'une tierce majeure, d'une quinte augmentee et d'une septieme mineure
Csus;C - F - G;C suspendu, est compose de la fondamentale, de la quarte juste et de la quinte juste
Cdim;C -  Eb - Gb;C diminue, est compose d'une tierce mineure et d'une quinte diminuee
Cdim7;C - Eb - Gb - A;C diminue septieme, est compose d'une tierce mineure, d'une quinte diminuee et d'une septieme diminuee
Cm7b5;C - Eb -  Gb - Bb;C mineur septieme quinte diminuee (semi-diminue), est compose d'une tierce mineure, d'une quinte diminuee et d'une septieme mineure
Caug;C - E - G#;C augmente, est compose d'une tierce majeure et d'une quinte augmentee
Caug7;C - E - G# - Bb;C augmente septieme, est compose d'une tierce majeure, d'une quinte augmentee et d'une septieme mineure
;;
;;
C#;"C# - F - G# ; C# - E# - G#";C# majeur, est compose d'une tierce majeure et d'une quinte juste
C#m;C# - E - G#;C# mineur, est compose d'une tierce mineure et d'une quinte juste
C#7;C# - F - G# - B;C# 7eme, est compose d'une tierce majeure, d'une quinte juste et d'une septieme mineure
C#m7;C# - E - G# - B;C# mineur 7eme, est compose d'une tierce mineure, d'une quinte juste et d'une septieme mineure
C#Maj7;"C# - F - G# - C ; C# - F - G# - B#";C# mineur, est compose d'une tierce mineure et d'une quinte juste
C#mM7;"C# - E - G# - C ; C# - E - G# - B#";C# mineur, est compose d'une tierce mineure et d'une quinte juste
C#6;C# - F - G# - A#;C# sixte, est compose d'une tierce majeure, d'une quinte juste et d'une sixte majeure
C#m6;C# - E - G# - A#;C# mineur sixte, est compose d'une tierce mineure, d'une quinte juste et d'une sixte majeure
C#6/9;"C# - F - G# - A# - D# ; C# - E# - G# - A# - D#";C# sixte et neuvieme, est compose d'une tierce majeure, d'une quinte juste, d'une sixte majeure et d'une neuvieme majeure
C#5;C# -  G#;C# quinte juste, est compose uniquement de la fondamentale et de la quinte juste
C#9;"C# - F - G# - B - D# ; C# - E# - G# - B - D#";C# majeur, est compose d'une tierce majeure et d'une quinte juste
C#m9;C# - E - G# - B - D#;C# mineur neuvieme, est compose d'une tierce mineure, d'une quinte juste, d'une septieme mineure et d'une neuvieme majeure
C#Maj9;C# - F - G# - C - D#;C# mineur, est compose d'une tierce mineure et d'une quinte juste
C#11;"C# - F - G# - B - D# - F# ; C# - E# - G# - B - D# - F#";C# majeur, est compose d'une tierce majeure et d'une quinte juste
C#m11;C# - E - G# - B - D# - F#;C# mineur onzieme, est compose d'une tierce mineure, d'une quinte juste, d'une septieme mineure et d'une onzieme juste
C#Maj11;"C# - F - G# - C - D# -  A# ; C# - E# - G# - B# - D# - A#";C# mineur, est compose d'une tierce mineure et d'une quinte juste
C#13;"C# - F - G# - B - D# - F# - A# ; C# - E# - G# - B - D# - F# - A#";C# majeur, est compose d'une tierce majeure et d'une quinte juste
C#m13;C# - E - G# - B - D# - F# - A#;C# mineur treizieme, est compose d'une tierce mineure, d'une quinte juste, d'une septieme mineure et d'une treizieme majeure
C#Maj11;"C# - F - G# - C - D# -  A# ; C# - E# - G# - B# - D# - A#";C# mineur, est compose d'une tierce mineure et d'une quinte juste
C#add;"C# - F - G# - D# ; C# - E# - G# - D#";C# add, est compose d'une tierce majeure, d'une quinte juste et d'une note ajoutee (ex. 2, 4 ou 6)
C#7-5;"C# - F - G - B ; C# - E# - G - B";C# septieme quinte diminuee, est compose d'une tierce majeure, d'une quinte diminuee et d'une septieme mineure
C#7+5;"C# - F - A - B ; C# - E# - A - B";C# septieme quinte augmentee, est compose d'une tierce majeure, d'une quinte augmentee et d'une septieme mineure
C#sus;C# - F# - G#;C# suspendu, est compose de la fondamentale, de la quarte juste et de la quinte juste
C#dim;C# - E - G;C# diminue, est compose d'une tierce mineure et d'une quinte diminuee
C#dim7;C# - E - G - A#;C# diminue septieme, est compose d'une tierce mineure, d'une quinte diminuee et d'une septieme diminuee
C#m7b5;C# - E - G - B;C# mineur septieme quinte diminuee (semi-diminue), est compose d'une tierce mineure, d'une quinte diminuee et d'une septieme mineure
C#aug;"C# - F - A ; C# - E# - A";C# augmente, est compose d'une tierce majeure et d'une quinte augmentee
C#aug7;"C# - F - A - B ; C# - E# - A - B";C# augmente septieme, est compose d'une tierce majeure, d'une quinte augmentee et d'une septieme mineure
;;
;;
Db;Db - F - Ab;Db majeur, est compose d'une tierce majeure et d'une quinte juste
Dbm;"Db - E - Ab ; Db - Fb - Ab";Db mineur, est compose d'une tierce mineure et d'une quinte juste
Db7;Db - F - Ab - B;Db 7eme, est compose d'une tierce majeure, d'une quinte juste et d'une septieme mineure
Dbm7;"Db - E - Ab - B ; Db - Fb - Ab - Cb";Db mineur 7eme, est compose d'une tierce mineure, d'une quinte juste et d'une septieme mineure
DbMaj7;Db - F - Ab - C;Db mineur, est compose d'une tierce mineure et d'une quinte juste
DbmM7;"Db - E - Ab - C ; Db - Fb - Ab - C";Db mineur, est compose d'une tierce mineure et d'une quinte juste
Db6;Db - F - Ab - Bb;Db sixte, est compose d'une tierce majeure, d'une quinte juste et d'une sixte majeure
Dbm6;"Db - E - Ab - Bb ; Db - Fb - Ab - Bb";Db mineur sixte, est compose d'une tierce mineure, d'une quinte juste et d'une sixte majeure
Db6/9;Db - F - Ab - Bb - Eb;Db sixte et neuvieme, est compose d'une tierce majeure, d'une quinte juste, d'une sixte majeure et d'une neuvieme majeure
Db5;Db -  Ab;Db quinte juste, est compose uniquement de la fondamentale et de la quinte juste
Db9;Db - F - Ab - B - Eb;Db majeur, est compose d'une tierce majeure et d'une quinte juste
Dbm9;"Db - E - Ab - B - Eb ; Db - Fb - Ab - Cb - Eb";Db mineur neuvieme, est compose d'une tierce mineure, d'une quinte juste, d'une septieme mineure et d'une neuvieme majeure
DbMaj9;Db - F - Ab - C - Eb;Db mineur, est compose d'une tierce mineure et d'une quinte juste
Db11;Db - F - Ab - B - Eb - Gb;Db majeur, est compose d'une tierce majeure et d'une quinte juste
Dbm11;"Db - E - Ab - B - Eb - Gb ; Db - Fb - Ab - Cb - Eb - Gb";Db mineur onzieme, est compose d'une tierce mineure, d'une quinte juste, d'une septieme mineure et d'une onzieme juste
DbMaj11;Db - F - Ab - C - Eb -  Gb;Db mineur, est compose d'une tierce mineure et d'une quinte juste
Db13;"Db - F - Ab - B - Eb - Gb - Bb ; Db - F - Ab - B - Eb - Gb - Cbb";Db majeur, est compose d'une tierce majeure et d'une quinte juste
Dbm13;"Db - E - Ab - B - Eb - Gb - Bb ; Db - Fb - Ab - Cb - Eb - Gb - Bb";Db mineur treizieme, est compose d'une tierce mineure, d'une quinte juste, d'une septieme mineure et d'une treizieme majeure
DbMaj13;Db - F - Ab - C - Eb -  Bb;Db mineur, est compose d'une tierce mineure et d'une quinte juste
Dbadd;Db - F - Ab - Eb;Db add, est compose d'une tierce majeure, d'une quinte juste et d'une note ajoutee (ex. 2, 4 ou 6)
Db7-5;Db - F - G - B;Db septieme quinte diminuee, est compose d'une tierce majeure, d'une quinte diminuee et d'une septieme mineure
Db7+5;Db - F - A - B;Db septieme quinte augmentee, est compose d'une tierce majeure, d'une quinte augmentee et d'une septieme mineure
Dbsus;Db - Gb - Ab;Db suspendu, est compose de la fondamentale, de la quarte juste et de la quinte juste
Dbdim;Db - E - G;Db diminue, est compose d'une tierce mineure et d'une quinte diminuee
Dbdim7;Db - E - G - Bb;Db diminue septieme, est compose d'une tierce mineure, d'une quinte diminuee et d'une septieme diminuee
Dbm7b5;Db - E - G - B;Db mineur septieme quinte diminuee (semi-diminue), est compose d'une tierce mineure, d'une quinte diminuee et d'une septieme mineure
Dbaug;Db - F - A;Db augmente, est compose d'une tierce majeure et d'une quinte augmentee
Dbaug7;Db - F - A - B;Db augmente septieme, est compose d'une tierce majeure, d'une quinte augmentee et d'une septieme mineure
;;
;;
D;D - F# - A;D majeur, est compose d'une tierce majeure et d'une quinte juste
Dm;D - F - A;D mineur, est compose d'une tierce mineure et d'une quinte juste
D7;D - F# - A - C;D 7eme, est compose d'une tierce majeure, d'une quinte juste et d'une septieme mineure
Dm7;D - F - A - C;D mineur 7eme, est compose d'une tierce mineure, d'une quinte juste et d'une septieme mineure
DMaj7;D - F# - A - C#;D mineur, est compose d'une tierce mineure et d'une quinte juste
DmM7;D - F - A - C#;D mineur, est compose d'une tierce mineure et d'une quinte juste
D6;D - F# - A - B;D sixte, est compose d'une tierce majeure, d'une quinte juste et d'une sixte majeure
Dm6;D - F - A - B;D mineur sixte, est compose d'une tierce mineure, d'une quinte juste et d'une sixte majeure
D6/9;D - F# - A - B - E;D sixte et neuvieme, est compose d'une tierce majeure, d'une quinte juste, d'une sixte majeure et d'une neuvieme majeure
D5;D -  A;D quinte juste, est compose uniquement de la fondamentale et de la quinte juste
D9;D - F# - A - C - E;D majeur, est compose d'une tierce majeure et d'une quinte juste
Dm9;D - F - A - C - E;D mineur neuvieme, est compose d'une tierce mineure, d'une quinte juste, d'une septieme mineure et d'une neuvieme majeure
DMaj9;D - F# - A - C# - E;D mineur, est compose d'une tierce mineure et d'une quinte juste
D11;D - F# - A - C - E - G;D majeur, est compose d'une tierce majeure et d'une quinte juste
Dm11;D - F - A - C - E - G;D mineur onzieme, est compose d'une tierce mineure, d'une quinte juste, d'une septieme mineure et d'une onzieme juste
DMaj11;D - F# - A - C# - E - G;D mineur, est compose d'une tierce mineure et d'une quinte juste
D13;D - F# - A - C - E - G - B;D majeur, est compose d'une tierce majeure et d'une quinte juste
Dm13;D - F - A - C - E - G - B;D mineur treizieme, est compose d'une tierce mineure, d'une quinte juste, d'une septieme mineure et d'une treizieme majeure
DMaj13;D - F# - A - C# - E - B;D mineur, est compose d'une tierce mineure et d'une quinte juste
Dadd;D - F# - A - E;D add, est compose d'une tierce majeure, d'une quinte juste et d'une note ajoutee (ex. 2, 4 ou 6)
D7-5;D  - F# - Ab - C;D septieme quinte diminuee, est compose d'une tierce majeure, d'une quinte diminuee et d'une septieme mineure
D7+5;D  - F# - A# - C;D septieme quinte augmentee, est compose d'une tierce majeure, d'une quinte augmentee et d'une septieme mineure
Dsus;D - G - A;D suspendu, est compose de la fondamentale, de la quarte juste et de la quinte juste
Ddim;D - F - Ab;D diminue, est compose d'une tierce mineure et d'une quinte diminuee
Ddim7;D - F - Ab - B;D diminue septieme, est compose d'une tierce mineure, d'une quinte diminuee et d'une septieme diminuee
Dm7b5;D - F -  Ab - C;D mineur septieme quinte diminuee (semi-diminue), est compose d'une tierce mineure, d'une quinte diminuee et d'une septieme mineure
Daug;D - F# - A#;D augmente, est compose d'une tierce majeure et d'une quinte augmentee
Daug7;D - F# - A# - C;D augmente septieme, est compose d'une tierce majeure, d'une quinte augmentee et d'une septieme mineure
;;
;;
D#;"D# - G - A# ; D# - F## - A#";D# majeur, est compose d'une tierce majeure et d'une quinte juste
D#m;D# - F# - A#;D# mineur, est compose d'une tierce mineure et d'une quinte juste
D#7;D# - G - A# - C#;D# 7eme, est compose d'une tierce majeure, d'une quinte juste et d'une septieme mineure
D#m7;D# - F# - A# - C#;D# mineur 7eme, est compose d'une tierce mineure, d'une quinte juste et d'une septieme mineure
D#Maj7;"D# - G - A# - D ; D# - G - A# - C##";D# mineur, est compose d'une tierce mineure et d'une quinte juste
D#mM7;D# - F# - A# - D;D# mineur, est compose d'une tierce mineure et d'une quinte juste
D#6;D# - G - A# - C;D# sixte, est compose d'une tierce majeure, d'une quinte juste et d'une sixte majeure
D#m6;D# - F# - A# - C;D# mineur sixte, est compose d'une tierce mineure, d'une quinte juste et d'une sixte majeure
D#6/9;"D# - G - A# - C - F ; D# - F## - A# - B# - E#";D# sixte et neuvieme, est compose d'une tierce majeure, d'une quinte juste, d'une sixte majeure et d'une neuvieme majeure
D#5;D# -  A#;D# quinte juste, est compose uniquement de la fondamentale et de la quinte juste
D#9;"D# - G - A# - C# - F ; D# - F## - A# - C# - E#";D# majeur, est compose d'une tierce majeure et d'une quinte juste
D#m9;"D# - F# - A# - C# - F ; D# - F# - A# - C# - E#";D# mineur neuvieme, est compose d'une tierce mineure, d'une quinte juste, d'une septieme mineure et d'une neuvieme majeure
D#Maj9;"D# - G - A# - D - F ; D# - G - A# - D - E#";D# mineur, est compose d'une tierce mineure et d'une quinte juste
D#11;"D# - G - A# - C# - F - G# ; D# - F## - A# - C# - E# - G#";D# majeur, est compose d'une tierce majeure et d'une quinte juste
D#m11;"D# - F# - A# - C# - F - G# ; D# - F# - A# - C# - E# - G#";D# mineur onzieme, est compose d'une tierce mineure, d'une quinte juste, d'une septieme mineure et d'une onzieme juste
D#Maj11;"D# - G - A# - D - F -  G# ; D# - F## - A# - C## - E# - G#";D# mineur, est compose d'une tierce mineure et d'une quinte juste
D#13;"D# - G - A# - C# - F - G# - C ; D# - F## - A# - C# - E# - G# - B#";D# majeur, est compose d'une tierce majeure et d'une quinte juste
D#m13;"D# - F# - A# - C# - F - G# - C ; D# - F# - A# - C# - E# - G# - B#";D# mineur treizieme, est compose d'une tierce mineure, d'une quinte juste, d'une septieme mineure et d'une treizieme majeure
D#Maj13;"D# - G - A# - D - F -  C ; D# - G - A# - C## - F - B#";D# mineur, est compose d'une tierce mineure et d'une quinte juste
D#add;"D# - G - A# - F ; D# - F## - A# - E#";D# add, est compose d'une tierce majeure, d'une quinte juste et d'une note ajoutee (ex. 2, 4 ou 6)
D#7-5;"D# - G - A - C# ; D# - F## - A - C#";D# septieme quinte diminuee, est compose d'une tierce majeure, d'une quinte diminuee et d'une septieme mineure
D#7+5;"D# - G - B - C# ; D# - F## - B - C#";D# septieme quinte augmentee, est compose d'une tierce majeure, d'une quinte augmentee et d'une septieme mineure
D#sus;D# - G# - A#;D# suspendu, est compose de la fondamentale, de la quarte juste et de la quinte juste
D#dim;D# - F# - A;D# diminue, est compose d'une tierce mineure et d'une quinte diminuee
D#dim7;"D# - F# - A - C ; D# - F# - A - B#";D# diminue septieme, est compose d'une tierce mineure, d'une quinte diminuee et d'une septieme diminuee
D#m7b5;D# - F# - A - C#;D# mineur septieme quinte diminuee (semi-diminue), est compose d'une tierce mineure, d'une quinte diminuee et d'une septieme mineure
D#aug;"D# - G - B ; D# - F## - B";D# augmente, est compose d'une tierce majeure et d'une quinte augmentee
D#aug7;"D# - G - B - C# ; D# - F## - B - C#";D# augmente septieme, est compose d'une tierce majeure, d'une quinte augmentee et d'une septieme mineure
;;
;;
Eb;Eb - G - Bb;Eb majeur, est compose d'une tierce majeure et d'une quinte juste
Ebm;Eb - Gb - Bb;Eb mineur, est compose d'une tierce mineure et d'une quinte juste
Eb7;Eb - G - Bb - Db;Eb 7eme, est compose d'une tierce majeure, d'une quinte juste et d'une septieme mineure
Ebm7;Eb - Gb - Bb - Db;Eb mineur 7eme, est compose d'une tierce mineure, d'une quinte juste et d'une septieme mineure
EbMaj7;Eb - G - Bb - D;Eb mineur, est compose d'une tierce mineure et d'une quinte juste
EbmM7;Eb - Gb - Bb - D;Eb mineur, est compose d'une tierce mineure et d'une quinte juste
Eb6;Eb - G - Bb - C;Eb sixte, est compose d'une tierce majeure, d'une quinte juste et d'une sixte majeure
Ebm6;Eb - Gb - Bb - C;Eb mineur sixte, est compose d'une tierce mineure, d'une quinte juste et d'une sixte majeure
Eb6/9;Eb - G - Bb - C - F;Eb sixte et neuvieme, est compose d'une tierce majeure, d'une quinte juste, d'une sixte majeure et d'une neuvieme majeure
Eb5;Eb -  Bb;Eb quinte juste, est compose uniquement de la fondamentale et de la quinte juste
Eb9;Eb - G - Bb - Db - F;Eb majeur, est compose d'une tierce majeure et d'une quinte juste
Ebm9;Eb - Gb - Bb - Db - F;Eb mineur neuvieme, est compose d'une tierce mineure, d'une quinte juste, d'une septieme mineure et d'une neuvieme majeure
EbMaj9;Eb - G - Bb - D - F;Eb mineur, est compose d'une tierce mineure et d'une quinte juste
Eb11;Eb - G - Bb - Db - F - Ab;Eb majeur, est compose d'une tierce majeure et d'une quinte juste
Ebm11;Eb - Gb - Bb - Db - F - Ab;Eb mineur onzieme, est compose d'une tierce mineure, d'une quinte juste, d'une septieme mineure et d'une onzieme juste
EbMaj11;Eb - G - Bb - D - F -  Ab;Eb mineur, est compose d'une tierce mineure et d'une quinte juste
Eb13;Eb - G - Bb - Db - F - Ab - C;Eb majeur, est compose d'une tierce majeure et d'une quinte juste
Ebm13;Eb - Gb - Bb - Db - F - Ab - C;Eb mineur treizieme, est compose d'une tierce mineure, d'une quinte juste, d'une septieme mineure et d'une treizieme majeure
EbMaj13;Eb - G - Bb - D - F -  C;Eb mineur, est compose d'une tierce mineure et d'une quinte juste
Ebadd;Eb - G - Bb - F;Eb add, est compose d'une tierce majeure, d'une quinte juste et d'une note ajoutee (ex. 2, 4 ou 6)
Eb7-5;Eb - G - A - Db;Eb septieme quinte diminuee, est compose d'une tierce majeure, d'une quinte diminuee et d'une septieme mineure
Eb7+5;Eb - G - B - Db;Eb septieme quinte augmentee, est compose d'une tierce majeure, d'une quinte augmentee et d'une septieme mineure
Ebsus;Eb - Ab - Bb;Eb suspendu, est compose de la fondamentale, de la quarte juste et de la quinte juste
Ebdim;Eb - Gb - A;Eb diminue, est compose d'une tierce mineure et d'une quinte diminuee
Ebdim7;Eb - Gb - A - C;Eb diminue septieme, est compose d'une tierce mineure, d'une quinte diminuee et d'une septieme diminuee
Ebm7b5;Eb - Gb - A - Db;Eb mineur septieme quinte diminuee (semi-diminue), est compose d'une tierce mineure, d'une quinte diminuee et d'une septieme mineure
Ebaug;Eb - G - B;Eb augmente, est compose d'une tierce majeure et d'une quinte augmentee
Ebaug7;Eb - G - B - Db;Eb augmente septieme, est compose d'une tierce majeure, d'une quinte augmentee et d'une septieme mineure
;;
;;
E;E - G# - B;E majeur, est compose d'une tierce majeure et d'une quinte juste
Em;E - G - B;E mineur, est compose d'une tierce mineure et d'une quinte juste
E7;E - G# - B - D;E 7eme, est compose d'une tierce majeure, d'une quinte juste et d'une septieme mineure
Em7;E - G - B - D;E mineur 7eme, est compose d'une tierce mineure, d'une quinte juste et d'une septieme mineure
EMaj7;E - G# - B - D#;E mineur, est compose d'une tierce mineure et d'une quinte juste
EmM7;E - G - B - D#;E mineur, est compose d'une tierce mineure et d'une quinte juste
E6;E - G# - B - C#;E sixte, est compose d'une tierce majeure, d'une quinte juste et d'une sixte majeure
Em6;E - G - B - C#;E mineur sixte, est compose d'une tierce mineure, d'une quinte juste et d'une sixte majeure
E6/9;E - G# - B - C# - F#;E sixte et neuvieme, est compose d'une tierce majeure, d'une quinte juste, d'une sixte majeure et d'une neuvieme majeure
E5;E -  B;E quinte juste, est compose uniquement de la fondamentale et de la quinte juste
E9;E - G# - B - D - F#;E majeur, est compose d'une tierce majeure et d'une quinte juste
Em9;E - G - B - D - F#;E mineur neuvieme, est compose d'une tierce mineure, d'une quinte juste, d'une septieme mineure et d'une neuvieme majeure
EMaj9;E - G# - B - D# - F#;E mineur, est compose d'une tierce mineure et d'une quinte juste
E11;E - G# - B - D - F# - A;E majeur, est compose d'une tierce majeure et d'une quinte juste
Em11;E - G - B - D - F# - A;E mineur onzieme, est compose d'une tierce mineure, d'une quinte juste, d'une septieme mineure et d'une onzieme juste
EMaj11;E - G# - B - D# - F# -  A;E mineur, est compose d'une tierce mineure et d'une quinte juste
E13;E - G# - B - D - F# - A - C#;E majeur, est compose d'une tierce majeure et d'une quinte juste
Em13;E - G - B - D - F# - A - C#;E mineur treizieme, est compose d'une tierce mineure, d'une quinte juste, d'une septieme mineure et d'une treizieme majeure
EMaj13;E - G# - B - D# - F# -  C#;E mineur, est compose d'une tierce mineure et d'une quinte juste
Eadd;E - G# - B - F#;E add, est compose d'une tierce majeure, d'une quinte juste et d'une note ajoutee (ex. 2, 4 ou 6)
E7-5;E - G# - Bb - D;E septieme quinte diminuee, est compose d'une tierce majeure, d'une quinte diminuee et d'une septieme mineure
E7+5;E - G# - C - D;E septieme quinte augmentee, est compose d'une tierce majeure, d'une quinte augmentee et d'une septieme mineure
Esus;E - A - B;E suspendu, est compose de la fondamentale, de la quarte juste et de la quinte juste
Edim;E - G - Bb;E diminue, est compose d'une tierce mineure et d'une quinte diminuee
Edim7;E - G - Bb - Db;E diminue septieme, est compose d'une tierce mineure, d'une quinte diminuee et d'une septieme diminuee
Em7b5;E - G -  Bb - D;E mineur septieme quinte diminuee (semi-diminue), est compose d'une tierce mineure, d'une quinte diminuee et d'une septieme mineure
Eaug;E - G# - C;E augmente, est compose d'une tierce majeure et d'une quinte augmentee
Eaug7;E - G# - C - D;E augmente septieme, est compose d'une tierce majeure, d'une quinte augmentee et d'une septieme mineure
;;
;;
F;F - A - C;F majeur, est compose d'une tierce majeure et d'une quinte juste
Fm;F - Ab - C;F mineur, est compose d'une tierce mineure et d'une quinte juste
F7;F - A - C - Eb;F 7eme, est compose d'une tierce majeure, d'une quinte juste et d'une septieme mineure
Fm7;F - Ab - C - Eb;F mineur 7eme, est compose d'une tierce mineure, d'une quinte juste et d'une septieme mineure
FMaj7;F - A - C - E;F mineur, est compose d'une tierce mineure et d'une quinte juste
FmM7;F - Ab - C - E;F mineur, est compose d'une tierce mineure et d'une quinte juste
F6;F - A - C - D;F sixte, est compose d'une tierce majeure, d'une quinte juste et d'une sixte majeure
Fm6;F - Ab - C - D;F mineur sixte, est compose d'une tierce mineure, d'une quinte juste et d'une sixte majeure
F6/9;F - A - C - D - G;F sixte et neuvieme, est compose d'une tierce majeure, d'une quinte juste, d'une sixte majeure et d'une neuvieme majeure
F5;F -  C;F quinte juste, est compose uniquement de la fondamentale et de la quinte juste
F9;F - A - C - Eb - G;F majeur, est compose d'une tierce majeure et d'une quinte juste
Fm9;F - Ab - C - Eb - G;F mineur neuvieme, est compose d'une tierce mineure, d'une quinte juste, d'une septieme mineure et d'une neuvieme majeure
FMaj9;F - A - C - E - G;F mineur, est compose d'une tierce mineure et d'une quinte juste
F11;F - A - C - Eb - G - Bb;F majeur, est compose d'une tierce majeure et d'une quinte juste
Fm11;F - Ab - C - Eb - G - Bb;F mineur onzieme, est compose d'une tierce mineure, d'une quinte juste, d'une septieme mineure et d'une onzieme juste
FMaj11;F - A - C - E - G -  Bb;F mineur, est compose d'une tierce mineure et d'une quinte juste
F13;F - A - C - Eb - G - Bb - D;F majeur, est compose d'une tierce majeure et d'une quinte juste
Fm13;F - Ab - C - Eb - G - Bb - D;F mineur treizieme, est compose d'une tierce mineure, d'une quinte juste, d'une septieme mineure et d'une treizieme majeure
FMaj13;F - A - C - E - G -  D;F mineur, est compose d'une tierce mineure et d'une quinte juste
Fadd;F - A - C - G;F add, est compose d'une tierce majeure, d'une quinte juste et d'une note ajoutee (ex. 2, 4 ou 6)
F7-5;F - A - B - Eb;F septieme quinte diminuee, est compose d'une tierce majeure, d'une quinte diminuee et d'une septieme mineure
F7+5;F - A - C# - Eb;F septieme quinte augmentee, est compose d'une tierce majeure, d'une quinte augmentee et d'une septieme mineure
Fsus;F - Bb - C;F suspendu, est compose de la fondamentale, de la quarte juste et de la quinte juste
Fdim;F - Ab - B;F diminue, est compose d'une tierce mineure et d'une quinte diminuee
Fdim7;F - Ab -  B - D;F diminue septieme, est compose d'une tierce mineure, d'une quinte diminuee et d'une septieme diminuee
Fm7b5;F - Ab -  B - Eb;F mineur septieme quinte diminuee (semi-diminue), est compose d'une tierce mineure, d'une quinte diminuee et d'une septieme mineure
Faug;F - A - C#;F augmente, est compose d'une tierce majeure et d'une quinte augmentee
Faug7;F - A - C# - Eb;F augmente septieme, est compose d'une tierce majeure, d'une quinte augmentee et d'une septieme mineure
;;
;;
F#;F# - A# - C#;F# majeur, est compose d'une tierce majeure et d'une quinte juste
F#m;F# - A - C#;F# mineur, est compose d'une tierce mineure et d'une quinte juste
F#7;F# - A# - C# - E;F# 7eme, est compose d'une tierce majeure, d'une quinte juste et d'une septieme mineure
F#m7;F# - A - C# - E;F# mineur 7eme, est compose d'une tierce mineure, d'une quinte juste et d'une septieme mineure
F#Maj7;"F# - A# - C# - F ; F# - A# - C# - E#";F# mineur, est compose d'une tierce mineure et d'une quinte juste
F#mM7;"F# - A - C# - F ; F# - A - C# - E#";F# mineur, est compose d'une tierce mineure et d'une quinte juste
F#6;F# - A# - C# - D#;F# sixte, est compose d'une tierce majeure, d'une quinte juste et d'une sixte majeure
F#m6;F# - A - C# - D#;F# mineur sixte, est compose d'une tierce mineure, d'une quinte juste et d'une sixte majeure
F#6/9;F# - A# - C# - D# - G#;F# sixte et neuvieme, est compose d'une tierce majeure, d'une quinte juste, d'une sixte majeure et d'une neuvieme majeure
F#5;F# -  C#;F# quinte juste, est compose uniquement de la fondamentale et de la quinte juste
F#9;F# - A# - C# - E - G#;F# majeur, est compose d'une tierce majeure et d'une quinte juste
F#m9;F# - A - C# - E - G#;F# mineur neuvieme, est compose d'une tierce mineure, d'une quinte juste, d'une septieme mineure et d'une neuvieme majeure
F#Maj9;F# - A# - C# - F - G#;F# mineur, est compose d'une tierce mineure et d'une quinte juste
F#11;F# - A# - C# - E - G# - B;F# majeur, est compose d'une tierce majeure et d'une quinte juste
F#m11;F# - A - C# - E - G# - B;F# mineur onzieme, est compose d'une tierce mineure, d'une quinte juste, d'une septieme mineure et d'une onzieme juste
F#Maj11;"F# - A# - C# - F - G# - B ; F# - A# - C# - E# - G# - B";F# mineur, est compose d'une tierce mineure et d'une quinte juste
F#13;F# - A# - C# - E - G# - B - D#;F# majeur, est compose d'une tierce majeure et d'une quinte juste
F#m13;F# - A - C# - E - G# - B - D#;F# mineur treizieme, est compose d'une tierce mineure, d'une quinte juste, d'une septieme mineure et d'une treizieme majeure
F#Maj13;"F# - A# - C# - F - G# - D# ; F# - A# - C# - E# - G# - D#";F# mineur, est compose d'une tierce mineure et d'une quinte juste
F#add;F# - A# - C# - G#;F# add, est compose d'une tierce majeure, d'une quinte juste et d'une note ajoutee (ex. 2, 4 ou 6)
F#7-5;F# - A# - C - E;F# septieme quinte diminuee, est compose d'une tierce majeure, d'une quinte diminuee et d'une septieme mineure
F#7+5;F# - A# - D - E;F# septieme quinte augmentee, est compose d'une tierce majeure, d'une quinte augmentee et d'une septieme mineure
F#sus;F# - B - C#;F# suspendu, est compose de la fondamentale, de la quarte juste et de la quinte juste
F#dim;F# - A - C;F# diminue, est compose d'une tierce mineure et d'une quinte diminuee
F#dim7;F# - A -  C - D#;F# diminue septieme, est compose d'une tierce mineure, d'une quinte diminuee et d'une septieme diminuee
F#m7b5;F# - A - C - E;F# mineur septieme quinte diminuee (semi-diminue), est compose d'une tierce mineure, d'une quinte diminuee et d'une septieme mineure
F#aug;F# - A# - D;F# augmente, est compose d'une tierce majeure et d'une quinte augmentee
F#aug7;F# - A# - D - E;F# augmente septieme, est compose d'une tierce majeure, d'une quinte augmentee et d'une septieme mineure
;;
;;
Gb;Gb - Bb - Db;Gb majeur, est compose d'une tierce majeure et d'une quinte juste
Gbm;"Gb - A - Db ; Gb - Bbb - Db";Gb mineur, est compose d'une tierce mineure et d'une quinte juste
Gb7;Gb - Bb - Db - E;Gb 7eme, est compose d'une tierce majeure, d'une quinte juste et d'une septieme mineure
Gbm7;"Gb - A - Db - E ; Gb - Bbb - Db - Fb";Gb mineur 7eme, est compose d'une tierce mineure, d'une quinte juste et d'une septieme mineure
GbMaj7;"Gb - Bb - Db - F ; Gb - Bb - Db - F";Gb mineur, est compose d'une tierce mineure et d'une quinte juste
GbmM7;"Gb - A - Db - F ; Gb - Bbb - Db - F";Gb mineur, est compose d'une tierce mineure et d'une quinte juste
Gb6;Gb - Bb - Db - Eb;Gb sixte, est compose d'une tierce majeure, d'une quinte juste et d'une sixte majeure
Gbm6;"Gb - A - Db - Eb ; Gb - Bbb - Db - Eb";Gb mineur sixte, est compose d'une tierce mineure, d'une quinte juste et d'une sixte majeure
Gb6/9;Gb - Bb - Db - Eb - Ab;Gb sixte et neuvieme, est compose d'une tierce majeure, d'une quinte juste, d'une sixte majeure et d'une neuvieme majeure
Gb5;Gb -  Db;Gb quinte juste, est compose uniquement de la fondamentale et de la quinte juste
Gb9;Gb - Bb - Db - E - Ab;Gb majeur, est compose d'une tierce majeure et d'une quinte juste
Gbm9;"Gb - A - Db - E - Ab ; Gb - Bbb - Db - Fb - Ab";Gb mineur neuvieme, est compose d'une tierce mineure, d'une quinte juste, d'une septieme mineure et d'une neuvieme majeure
GbMaj9;"Gb - Bb - Db - F - Ab ; Gb - Bb - Db - F - Ab";Gb mineur, est compose d'une tierce mineure et d'une quinte juste
Gb11;"Gb - Bb - Db - E - Ab - B ; Gb - Bb - Db - E - Ab - Cb";Gb majeur, est compose d'une tierce majeure et d'une quinte juste
Gbm11;"Gb - A - Db - E - Ab - B ; Gb - Bbb - Db - Fb - Ab - Cb";Gb mineur onzieme, est compose d'une tierce mineure, d'une quinte juste, d'une septieme mineure et d'une onzieme juste
GbMaj11;Gb - Bb - Db - F - Ab -  B;Gb mineur, est compose d'une tierce mineure et d'une quinte juste
Gb13;"Gb - Bb - Db - E - Ab - B - Eb ; Gb - Bb - Db - E - Ab - Cb - Fbb";Gb majeur, est compose d'une tierce majeure et d'une quinte juste
Gbm13;"Gb - A - Db - E - Ab - B - Eb ; Gb - Bbb - Db - Fb - Ab - Cb - Eb";Gb mineur treizieme, est compose d'une tierce mineure, d'une quinte juste, d'une septieme mineure et d'une treizieme majeure
GbMaj13;Gb - Bb - Db - F - Ab -  Eb;Gb mineur, est compose d'une tierce mineure et d'une quinte juste
Gbadd;Gb - Bb - Db - Ab;Gb add, est compose d'une tierce majeure, d'une quinte juste et d'une note ajoutee (ex. 2, 4 ou 6)
Gb7-5;Gb - Bb - C - E;Gb septieme quinte diminuee, est compose d'une tierce majeure, d'une quinte diminuee et d'une septieme mineure
Gb7+5;Gb - Ab - D - E;Gb septieme quinte augmentee, est compose d'une tierce majeure, d'une quinte augmentee et d'une septieme mineure
Gbsus;"Gb - B - Db ; Gb - Cb - Db";Gb suspendu, est compose de la fondamentale, de la quarte juste et de la quinte juste
Gbdim;Gb - A - C;Gb diminue, est compose d'une tierce mineure et d'une quinte diminuee
Gbdim7;Gb -  A - C -  Eb;Gb diminue septieme, est compose d'une tierce mineure, d'une quinte diminuee et d'une septieme diminuee
Gbm7b5;Gb - A - C - E;Gb mineur septieme quinte diminuee (semi-diminue), est compose d'une tierce mineure, d'une quinte diminuee et d'une septieme mineure
Gbaug;Gb - Bb - D;Gb augmente, est compose d'une tierce majeure et d'une quinte augmentee
Gbaug7;Gb - Bb - D - E;Gb augmente septieme, est compose d'une tierce majeure, d'une quinte augmentee et d'une septieme mineure
;;
;;
G;G - B - D;G majeur, est compose d'une tierce majeure et d'une quinte juste
Gm;G - Bb - D;G mineur, est compose d'une tierce mineure et d'une quinte juste
G7;G - B - D - F;G 7eme, est compose d'une tierce majeure, d'une quinte juste et d'une septieme mineure
Gm7;G - Bb - D - F;G mineur 7eme, est compose d'une tierce mineure, d'une quinte juste et d'une septieme mineure
GMaj7;G - B - D - F#;G mineur, est compose d'une tierce mineure et d'une quinte juste
GmM7;G - Bb - D - F#;G mineur, est compose d'une tierce mineure et d'une quinte juste
G6;G - B - D - E;G sixte, est compose d'une tierce majeure, d'une quinte juste et d'une sixte majeure
Gm6;G - Bb - D - E;G mineur sixte, est compose d'une tierce mineure, d'une quinte juste et d'une sixte majeure
G6/9;G - B - D - E - A;G sixte et neuvieme, est compose d'une tierce majeure, d'une quinte juste, d'une sixte majeure et d'une neuvieme majeure
G5;G -  D;G quinte juste, est compose uniquement de la fondamentale et de la quinte juste
G9;G - B - D - F - A;G majeur, est compose d'une tierce majeure et d'une quinte juste
Gm9;G - Bb - D - F - A;G mineur neuvieme, est compose d'une tierce mineure, d'une quinte juste, d'une septieme mineure et d'une neuvieme majeure
GMaj9;G - B - D - F# - A;G mineur, est compose d'une tierce mineure et d'une quinte juste
G11;G - B - D - F - A - C;G majeur, est compose d'une tierce majeure et d'une quinte juste
Gm11;G - Bb - D - F - A - C;G mineur onzieme, est compose d'une tierce mineure, d'une quinte juste, d'une septieme mineure et d'une onzieme juste
GMaj11;G - B - D - F# - A - C;G mineur, est compose d'une tierce mineure et d'une quinte juste
G13;G - B - D - F - A - C - E;G majeur, est compose d'une tierce majeure et d'une quinte juste
Gm13;G - Bb - D - F - A - C - E;G mineur treizieme, est compose d'une tierce mineure, d'une quinte juste, d'une septieme mineure et d'une treizieme majeure
GMaj13;G - B - D - F# - A - E;G mineur, est compose d'une tierce mineure et d'une quinte juste
Gadd;G - B - D - A;G add, est compose d'une tierce majeure, d'une quinte juste et d'une note ajoutee (ex. 2, 4 ou 6)
G7-5;G - B - Db - F;G septieme quinte diminuee, est compose d'une tierce majeure, d'une quinte diminuee et d'une septieme mineure
G7+5;G - B - D# - F;G septieme quinte augmentee, est compose d'une tierce majeure, d'une quinte augmentee et d'une septieme mineure
Gsus;G - C - D;G suspendu, est compose de la fondamentale, de la quarte juste et de la quinte juste
Gdim;G - Bb - Db;G diminue, est compose d'une tierce mineure et d'une quinte diminuee
Gdim7;G -  Bb - Db -  E;G diminue septieme, est compose d'une tierce mineure, d'une quinte diminuee et d'une septieme diminuee
Gm7b5;G - Bb -  Db - F;G mineur septieme quinte diminuee (semi-diminue), est compose d'une tierce mineure, d'une quinte diminuee et d'une septieme mineure
Gaug;G - B - D#;G augmente, est compose d'une tierce majeure et d'une quinte augmentee
Gaug7;G - B - D# - F;G augmente septieme, est compose d'une tierce majeure, d'une quinte augmentee et d'une septieme mineure
;;
;;
G#;"G# - C - D# ; G# - B# - D#";G# majeur, est compose d'une tierce majeure et d'une quinte juste
G#m;G# - B - D#;G# mineur, est compose d'une tierce mineure et d'une quinte juste
G#7;G# - C - D# - F#;G# 7eme, est compose d'une tierce majeure, d'une quinte juste et d'une septieme mineure
G#m7;G# - B - D# - F#;G# mineur 7eme, est compose d'une tierce mineure, d'une quinte juste et d'une septieme mineure
G#Maj7;"G# - C - D# - G ; G# - C - D# - F##";G# mineur, est compose d'une tierce mineure et d'une quinte juste
G#mM7;"G# - B - D# - G ; G# - B - D# - F##";G# mineur, est compose d'une tierce mineure et d'une quinte juste
G#6;G# - C - D# - F;G# sixte, est compose d'une tierce majeure, d'une quinte juste et d'une sixte majeure
G#m6;G# - B - D# - F;G# mineur sixte, est compose d'une tierce mineure, d'une quinte juste et d'une sixte majeure
G#6/9;"G# - C - D# - F - A# ; G# - B# - D# - E# - A#";G# sixte et neuvieme, est compose d'une tierce majeure, d'une quinte juste, d'une sixte majeure et d'une neuvieme majeure
G#5;G# - D#;G# quinte juste, est compose uniquement de la fondamentale et de la quinte juste
G#9;"G# - C - D# - F# - A# ; G# - B# - D# - F# - A#";G# majeur, est compose d'une tierce majeure et d'une quinte juste
G#m9;G# - B - D# - F# - A#;G# mineur neuvieme, est compose d'une tierce mineure, d'une quinte juste, d'une septieme mineure et d'une neuvieme majeure
G#Maj9;G# - C - D# - G - A#;G# mineur, est compose d'une tierce mineure et d'une quinte juste
G#11;"G# - C - D# - F# - A# - C# ; G# - B# - D# - F# - A# - C#";G# majeur, est compose d'une tierce majeure et d'une quinte juste
G#m11;G# - B - D# - F# - A# - C#;G# mineur onzieme, est compose d'une tierce mineure, d'une quinte juste, d'une septieme mineure et d'une onzieme juste
G#Maj11;"G# - C - D# - G - A# - C# ; G# - C - D# - F## - A# - B##";G# mineur, est compose d'une tierce mineure et d'une quinte juste
G#13;"G# - C - D# - F# - A# - C# - F ; G# - B# - D# - F# - A# - C# - E#";G# majeur, est compose d'une tierce majeure et d'une quinte juste
G#m13;"G# - B - D# - F# - A# - C# - F ; G# - B - D# - F# - A# - C# - E#";G# mineur treizieme, est compose d'une tierce mineure, d'une quinte juste, d'une septieme mineure et d'une treizieme majeure
G#Maj13;"G# - C - D# - G - A# - F ; G# - C - D# - F## - A# - F";G# mineur, est compose d'une tierce mineure et d'une quinte juste
G#add;"G# - C - D# - A# ; G# - B# - D# - A#";G# add, est compose d'une tierce majeure, d'une quinte juste et d'une note ajoutee (ex. 2, 4 ou 6)
G#7-5;"G# - C - D - F# ; G# - B# - D - F#";G# septieme quinte diminuee, est compose d'une tierce majeure, d'une quinte diminuee et d'une septieme mineure
G#7+5;"G# - C - E - F# ; G# - B# - E - F#";G# septieme quinte augmentee, est compose d'une tierce majeure, d'une quinte augmentee et d'une septieme mineure
G#sus;G# - C# - D#;G# suspendu, est compose de la fondamentale, de la quarte juste et de la quinte juste
G#dim;G# - B - D;G# diminue, est compose d'une tierce mineure et d'une quinte diminuee
G#dim7;"G# -  B - D -  F ; G# -  B - D -  E#";G# diminue septieme, est compose d'une tierce mineure, d'une quinte diminuee et d'une septieme diminuee
G#m7b5;G# - B - D - F#;G# mineur septieme quinte diminuee (semi-diminue), est compose d'une tierce mineure, d'une quinte diminuee et d'une septieme mineure
G#aug;"G# - C - E ; G# - B# - E";G# augmente, est compose d'une tierce majeure et d'une quinte augmentee
G#aug7;"G# - C - E - F# ; G# - B# - E - F#";G# augmente septieme, est compose d'une tierce majeure, d'une quinte augmentee et d'une septieme mineure
;;
;;
Ab;Ab - C - Eb;Ab majeur, est compose d'une tierce majeure et d'une quinte juste
Abm;Ab - B - Eb;Ab mineur, est compose d'une tierce mineure et d'une quinte juste
Ab7;Ab - C - Eb - Gb;Ab 7eme, est compose d'une tierce majeure, d'une quinte juste et d'une septieme mineure
Abm7;"Ab - B - Eb - Gb ; Ab - Cb - Eb - Gb";Ab mineur 7eme, est compose d'une tierce mineure, d'une quinte juste et d'une septieme mineure
AbMaj7;Ab - C - Eb - G;Ab mineur, est compose d'une tierce mineure et d'une quinte juste
AbmM7;"Ab - B - Eb - G ; Ab - Cb - Eb - G";Ab mineur, est compose d'une tierce mineure et d'une quinte juste
Ab6;Ab - C - Eb - F;Ab sixte, est compose d'une tierce majeure, d'une quinte juste et d'une sixte majeure
Abm6;"Ab - B - Eb - F ; Ab - Cb - Eb - F";Ab mineur sixte, est compose d'une tierce mineure, d'une quinte juste et d'une sixte majeure
Ab6/9;Ab - C - Eb - F - Bb;Ab sixte et neuvieme, est compose d'une tierce majeure, d'une quinte juste, d'une sixte majeure et d'une neuvieme majeure
Ab5;Ab -  Eb;Ab quinte juste, est compose uniquement de la fondamentale et de la quinte juste
Ab9;Ab - C - Eb - Gb - Bb;Ab majeur, est compose d'une tierce majeure et d'une quinte juste
Abm9;"Ab - B - Eb - Gb - Bb ; Ab - Cb - Eb - Gb - Bb";Ab mineur neuvieme, est compose d'une tierce mineure, d'une quinte juste, d'une septieme mineure et d'une neuvieme majeure
AbMaj9;Ab - C - Eb - G - Bb;Ab mineur, est compose d'une tierce mineure et d'une quinte juste
Ab11;Ab - C - Eb - Gb - Bb - Db;Ab majeur, est compose d'une tierce majeure et d'une quinte juste
Abm11;"Ab - B - Eb - Gb - Bb - Db ; Ab - Cb - Eb - Gb - Bb - Db";Ab mineur onzieme, est compose d'une tierce mineure, d'une quinte juste, d'une septieme mineure et d'une onzieme juste
AbMaj11;Ab - C - Eb - G - Bb - Db;Ab mineur, est compose d'une tierce mineure et d'une quinte juste
Ab13;Ab - C - Eb - Gb - Bb - Db - F;Ab majeur, est compose d'une tierce majeure et d'une quinte juste
Abm13;"Ab - B - Eb - Gb - Bb - Db - F ; Ab - Cb - Eb - Gb - Bb - Db - F";Ab mineur treizieme, est compose d'une tierce mineure, d'une quinte juste, d'une septieme mineure et d'une treizieme majeure
AbMaj13;Ab - C - Eb - G - Bb - F;Ab mineur, est compose d'une tierce mineure et d'une quinte juste
Abadd;Ab - C - Eb - Bb;Ab add, est compose d'une tierce majeure, d'une quinte juste et d'une note ajoutee (ex. 2, 4 ou 6)
Ab7-5;Ab - C - D - Gb;Ab septieme quinte diminuee, est compose d'une tierce majeure, d'une quinte diminuee et d'une septieme mineure
Ab7+5;Ab - C - E - Gb;Ab septieme quinte augmentee, est compose d'une tierce majeure, d'une quinte augmentee et d'une septieme mineure
Absus;Ab - Db - Eb;Ab suspendu, est compose de la fondamentale, de la quarte juste et de la quinte juste
Abdim;Ab - B - D;Ab diminue, est compose d'une tierce mineure et d'une quinte diminuee
Abdim7;Ab - B -  D - F;Ab diminue septieme, est compose d'une tierce mineure, d'une quinte diminuee et d'une septieme diminuee
Abm7b5;Ab - B -  D - Gb;Ab mineur septieme quinte diminuee (semi-diminue), est compose d'une tierce mineure, d'une quinte diminuee et d'une septieme mineure
Abaug;Ab - C - E;Ab augmente, est compose d'une tierce majeure et d'une quinte augmentee
Abaug7;Ab - C - E - Gb;Ab augmente septieme, est compose d'une tierce majeure, d'une quinte augmentee et d'une septieme mineure
;;
;;
A;A - C# - E;A majeur, est compose d'une tierce majeure et d'une quinte juste
Am;A - C - E;A mineur, est compose d'une tierce mineure et d'une quinte juste
A7;A - C# - E - G;A 7eme, est compose d'une tierce majeure, d'une quinte juste et d'une septieme mineure
Am7;A - C - E - G;A mineur 7eme, est compose d'une tierce mineure, d'une quinte juste et d'une septieme mineure
AMaj7;A - C# - E - G#;A mineur, est compose d'une tierce mineure et d'une quinte juste
AmM7;A - C - E - G#;A mineur, est compose d'une tierce mineure et d'une quinte juste
A6;A - C# - E - F#;A sixte, est compose d'une tierce majeure, d'une quinte juste et d'une sixte majeure
Am6;A - C - E - F#;A mineur sixte, est compose d'une tierce mineure, d'une quinte juste et d'une sixte majeure
A6/9;A - C# - E - F# - B;A sixte et neuvieme, est compose d'une tierce majeure, d'une quinte juste, d'une sixte majeure et d'une neuvieme majeure
A5;A -  E;A quinte juste, est compose uniquement de la fondamentale et de la quinte juste
A9;A - C# - E - G - B;A majeur, est compose d'une tierce majeure et d'une quinte juste
Am9;A - C - E - G - B;A mineur neuvieme, est compose d'une tierce mineure, d'une quinte juste, d'une septieme mineure et d'une neuvieme majeure
AMaj9;A - C# - E - G# - B;A mineur, est compose d'une tierce mineure et d'une quinte juste
A11;A - C# - E - G - B - D;A majeur, est compose d'une tierce majeure et d'une quinte juste
Am11;A - C - E - G - B - D;A mineur onzieme, est compose d'une tierce mineure, d'une quinte juste, d'une septieme mineure et d'une onzieme juste
AMaj11;A - C# - E - G# - B - D;A mineur, est compose d'une tierce mineure et d'une quinte juste
A13;A - C# - E - G - B - D - F#;A majeur, est compose d'une tierce majeure et d'une quinte juste
Am13;A - C - E - G - B - D - F#;A mineur treizieme, est compose d'une tierce mineure, d'une quinte juste, d'une septieme mineure et d'une treizieme majeure
AMaj13;A - C# - E - G# - B - F#;A mineur, est compose d'une tierce mineure et d'une quinte juste
Aadd;A - C# - E - B;A add, est compose d'une tierce majeure, d'une quinte juste et d'une note ajoutee (ex. 2, 4 ou 6)
A7-5;A - C# - Eb - G;A septieme quinte diminuee, est compose d'une tierce majeure, d'une quinte diminuee et d'une septieme mineure
A7+5;A - C# - F - G;A septieme quinte augmentee, est compose d'une tierce majeure, d'une quinte augmentee et d'une septieme mineure
Asus;A - D - E;A suspendu, est compose de la fondamentale, de la quarte juste et de la quinte juste
Adim;A - C - Eb;A diminue, est compose d'une tierce mineure et d'une quinte diminuee
Adim7;A - C -  Eb - Gb;A diminue septieme, est compose d'une tierce mineure, d'une quinte diminuee et d'une septieme diminuee
Am7b5;A - C - Eb - G;A mineur septieme quinte diminuee (semi-diminue), est compose d'une tierce mineure, d'une quinte diminuee et d'une septieme mineure
Aaug;A - C# - F;A augmente, est compose d'une tierce majeure et d'une quinte augmentee
Aaug7;A - C# - F - G;A augmente septieme, est compose d'une tierce majeure, d'une quinte augmentee et d'une septieme mineure
;;
;;
A#;"A# - D - F ; A# - C## - E#";A# majeur, est compose d'une tierce majeure et d'une quinte juste
A#m;"A# - C# - F ; A# - C# - E#";A# mineur, est compose d'une tierce mineure et d'une quinte juste
A#7;A# - D - F - G#;A# 7eme, est compose d'une tierce majeure, d'une quinte juste et d'une septieme mineure
A#m7;"A# - C# - F - G# ; A# - C# - E# - G#";A# mineur 7eme, est compose d'une tierce mineure, d'une quinte juste et d'une septieme mineure
A#Maj7;"A# - D - F - A ; A# - D - E# - G##";A# mineur, est compose d'une tierce mineure et d'une quinte juste
A#mM7;"A# - C# - F - A ; A# - C# - E# - A";A# mineur, est compose d'une tierce mineure et d'une quinte juste
A#6;A# - D - F - G;A# sixte, est compose d'une tierce majeure, d'une quinte juste et d'une sixte majeure
A#m6;"A# - C# - F - G ; A# - C# - E# - G";A# mineur sixte, est compose d'une tierce mineure, d'une quinte juste et d'une sixte majeure
A#6/9;"A# - D - F - G - C ; A# - C## - E# - F## - B#";A# sixte et neuvieme, est compose d'une tierce majeure, d'une quinte juste, d'une sixte majeure et d'une neuvieme majeure
A#5;"A# -  F ; A# -  E#";A# quinte juste, est compose uniquement de la fondamentale et de la quinte juste
A#9;"A# - D - F - G# - C ; A# - C## - E# - G# - B#";A# majeur, est compose d'une tierce majeure et d'une quinte juste
A#m9;"A# - C# - F - G# - C ; A# - C# - E# - G# - B#";A# mineur neuvieme, est compose d'une tierce mineure, d'une quinte juste, d'une septieme mineure et d'une neuvieme majeure
A#Maj9;"A# - D - F - A - C ; A# - D - E# - G## - B#";A# mineur, est compose d'une tierce mineure et d'une quinte juste
A#11;"A# - D - F - G# - C - D# ; A# - C## - E# - G# - B# - D#";A# majeur, est compose d'une tierce majeure et d'une quinte juste
A#m11;"A# - C# - F - G# - C - D# ; A# - C# - E# - G# - B# - D#";A# mineur onzieme, est compose d'une tierce mineure, d'une quinte juste, d'une septieme mineure et d'une onzieme juste
A#Maj11;"A# - D - F - A - C -  D# ; A# - C## - E# - G## - B# - D#";A# mineur, est compose d'une tierce mineure et d'une quinte juste
A#13;"A# - D - F - G# - C - D# - G ; A# - C## - E# - G# - B# - D# - F##";A# majeur, est compose d'une tierce majeure et d'une quinte juste
A#m13;"A# - C# - F - G# - C - D# - G ; A# - C# - E# - G# - B# - D# - F##";A# mineur treizieme, est compose d'une tierce mineure, d'une quinte juste, d'une septieme mineure et d'une treizieme majeure
A#Maj13;"A# - D - F - A - C -  G ; A# - D - E# - G## - C - F##";A# mineur, est compose d'une tierce mineure et d'une quinte juste
A#add;"A# - D - F - C ; A# - C## - E# - B#";A# add, est compose d'une tierce majeure, d'une quinte juste et d'une note ajoutee (ex. 2, 4 ou 6)
A#7-5;"A# - D - E - G# ; A# - C## - D# - G#";A# septieme quinte diminuee, est compose d'une tierce majeure, d'une quinte diminuee et d'une septieme mineure
A#7+5;"A# - D - F# - G# ; A# - C## - F# - G#";A# septieme quinte augmentee, est compose d'une tierce majeure, d'une quinte augmentee et d'une septieme mineure
A#sus;"A# - D# - F ; A# - D# - E#";A# suspendu, est compose de la fondamentale, de la quarte juste et de la quinte juste
A#dim;A# - Db - E;A# diminue, est compose d'une tierce mineure et d'une quinte diminuee
A#dim7;"A# - Db -  E - G ; A# - Db -  E - F##";A# diminue septieme, est compose d'une tierce mineure, d'une quinte diminuee et d'une septieme diminuee
A#m7b5;A# - C# - E - G#;A# mineur septieme quinte diminuee (semi-diminue), est compose d'une tierce mineure, d'une quinte diminuee et d'une septieme mineure
A#aug;"A# - D - F# ; A# - C## - F#";A# augmente, est compose d'une tierce majeure et d'une quinte augmentee
A#aug7;"A# - D - F# - G# ; A# - C## - F# - G#";A# augmente septieme, est compose d'une tierce majeure, d'une quinte augmentee et d'une septieme mineure
;;
;;
Bb;Bb - D - F;Bb majeur, est compose d'une tierce majeure et d'une quinte juste
Bbm;Bb - Db - F;Bb mineur, est compose d'une tierce mineure et d'une quinte juste
Bb7;Bb - D - F - Ab;Bb 7eme, est compose d'une tierce majeure, d'une quinte juste et d'une septieme mineure
Bbm7;Bb - Db - F - Ab;Bb mineur 7eme, est compose d'une tierce mineure, d'une quinte juste et d'une septieme mineure
BbMaj7;Bb - D - F - A;Bb mineur, est compose d'une tierce mineure et d'une quinte juste
BbmM7;Bb - Db - F - A;Bb mineur, est compose d'une tierce mineure et d'une quinte juste
Bb6;Bb - D - F - G;Bb sixte, est compose d'une tierce majeure, d'une quinte juste et d'une sixte majeure
Bbm6;Bb - Db - F - G;Bb mineur sixte, est compose d'une tierce mineure, d'une quinte juste et d'une sixte majeure
Bb6/9;Bb - D - F - G - C;Bb sixte et neuvieme, est compose d'une tierce majeure, d'une quinte juste, d'une sixte majeure et d'une neuvieme majeure
Bb5;Bb -  F;Bb quinte juste, est compose uniquement de la fondamentale et de la quinte juste
Bb9;Bb - D - F - Ab - C;Bb majeur, est compose d'une tierce majeure et d'une quinte juste
Bbm9;Bb - Db - F - Ab - C;Bb mineur neuvieme, est compose d'une tierce mineure, d'une quinte juste, d'une septieme mineure et d'une neuvieme majeure
BbMaj9;Bb - D - F - A - C;Bb mineur, est compose d'une tierce mineure et d'une quinte juste
Bb11;Bb - D - F - Ab - C - Eb;Bb majeur, est compose d'une tierce majeure et d'une quinte juste
Bbm11;Bb - Db - F - Ab - C - Eb;Bb mineur onzieme, est compose d'une tierce mineure, d'une quinte juste, d'une septieme mineure et d'une onzieme juste
BbMaj11;Bb - D - F - A - C -  Eb;Bb mineur, est compose d'une tierce mineure et d'une quinte juste
Bb13;Bb - D - F - Ab - C - Eb - G;Bb majeur, est compose d'une tierce majeure et d'une quinte juste
Bbm13;Bb - Db - F - Ab - C - Eb - G;Bb mineur treizieme, est compose d'une tierce mineure, d'une quinte juste, d'une septieme mineure et d'une treizieme majeure
BbMaj13;Bb - D - F - A - C -  G;Bb mineur, est compose d'une tierce mineure et d'une quinte juste
Bbadd;Bb - D - F - C;Bb add, est compose d'une tierce majeure, d'une quinte juste et d'une note ajoutee (ex. 2, 4 ou 6)
Bb7-5;Bb - D - E - Ab;Bb septieme quinte diminuee, est compose d'une tierce majeure, d'une quinte diminuee et d'une septieme mineure
Bb7+5;Bb - D - F# - Ab;Bb septieme quinte augmentee, est compose d'une tierce majeure, d'une quinte augmentee et d'une septieme mineure
Bbsus;Bb - Eb - F;Bb suspendu, est compose de la fondamentale, de la quarte juste et de la quinte juste
Bbdim;Bb - Db - E;Bb diminue, est compose d'une tierce mineure et d'une quinte diminuee
Bbdim7;Bb - Db - E - G;Bb diminue septieme, est compose d'une tierce mineure, d'une quinte diminuee et d'une septieme diminuee
Bbm7b5;Bb - Db -  E - Ab;Bb mineur septieme quinte diminuee (semi-diminue), est compose d'une tierce mineure, d'une quinte diminuee et d'une septieme mineure
Bbaug;Bb - D - Gb;Bb augmente, est compose d'une tierce majeure et d'une quinte augmentee
Bbaug7;Bb - D - F# - Ab;Bb augmente septieme, est compose d'une tierce majeure, d'une quinte augmentee et d'une septieme mineure
;;
;;
B;B - D# - F#;B majeur, est compose d'une tierce majeure et d'une quinte juste
Bm;B - D - F#;B mineur, est compose d'une tierce mineure et d'une quinte juste
B7;B - D# - F# - A;B 7eme, est compose d'une tierce majeure, d'une quinte juste et d'une septieme mineure
Bm7;B - D - F# - A;B mineur 7eme, est compose d'une tierce mineure, d'une quinte juste et d'une septieme mineure
BMaj7;B - D# - F# - A#;B mineur, est compose d'une tierce mineure et d'une quinte juste
BmM7;B - D - F# - A#;B mineur, est compose d'une tierce mineure et d'une quinte juste
B6;B - D# - F# - G#;B sixte, est compose d'une tierce majeure, d'une quinte juste et d'une sixte majeure
Bm6;B - D - F# - G#;B mineur sixte, est compose d'une tierce mineure, d'une quinte juste et d'une sixte majeure
B6/9;B - D# - F# - G# - C#;B sixte et neuvieme, est compose d'une tierce majeure, d'une quinte juste, d'une sixte majeure et d'une neuvieme majeure
B5;B -  F#;B quinte juste, est compose uniquement de la fondamentale et de la quinte juste
B9;B - D# - F# - A - C#;B majeur, est compose d'une tierce majeure et d'une quinte juste
Bm9;B - D - F# - A - C#;B mineur neuvieme, est compose d'une tierce mineure, d'une quinte juste, d'une septieme mineure et d'une neuvieme majeure
BMaj9;B - D# - F# - A# - C#;B mineur, est compose d'une tierce mineure et d'une quinte juste
B11;B - D# - F# - A - C# - E;B majeur, est compose d'une tierce majeure et d'une quinte juste
Bm11;B - D - F# - A - C# - E;B mineur onzieme, est compose d'une tierce mineure, d'une quinte juste, d'une septieme mineure et d'une onzieme juste
BMaj11;B - D# - F# - A# - C# - E;B mineur, est compose d'une tierce mineure et d'une quinte juste
B13;B - D# - F# - A - C# - E - G#;B majeur, est compose d'une tierce majeure et d'une quinte juste
Bm13;B - D - F# - A - C# - E - G#;B mineur treizieme, est compose d'une tierce mineure, d'une quinte juste, d'une septieme mineure et d'une treizieme majeure
BMaj13;B - D# - F# - A# - C# - G#;B mineur, est compose d'une tierce mineure et d'une quinte juste
Badd;B - D# - F# - C#;B add, est compose d'une tierce majeure, d'une quinte juste et d'une note ajoutee (ex. 2, 4 ou 6)
B7-5;B - D# - F - A;B septieme quinte diminuee, est compose d'une tierce majeure, d'une quinte diminuee et d'une septieme mineure
B7+5;B - D# - G - A;B septieme quinte augmentee, est compose d'une tierce majeure, d'une quinte augmentee et d'une septieme mineure
Bsus;B - E - F#;B suspendu, est compose de la fondamentale, de la quarte juste et de la quinte juste
Bdim;B - D - F;B diminue, est compose d'une tierce mineure et d'une quinte diminuee
Bdim7;B - D - F - Ab;B diminue septieme, est compose d'une tierce mineure, d'une quinte diminuee et d'une septieme diminuee
Bm7b5;B - D -  F - A;B mineur septieme quinte diminuee (semi-diminue), est compose d'une tierce mineure, d'une quinte diminuee et d'une septieme mineure
Baug;B - D# - G;B augmente, est compose d'une tierce majeure et d'une quinte augmentee
Baug7;B - D# - G - A;B augmente septieme, est compose d'une tierce majeure, d'une quinte augmentee et d'une septieme mineure
